model,selection_metric,test_score,test_accuracy,test_f1_delayed,test_roc_auc
xgboost,accuracy,0.6476547016075754,0.6476547016075754,0.6415369104962474,0.7096460443182004
